{"cameraMode":{"drawMode":0,"name":"Shaded","section":"Shading Mode"},"sceneLighting":false,"audioPlay":false,"sceneViewState":{"m_AlwaysRefresh":false,"showFog":true,"showSkybox":false,"showFlares":true,"showImageEffects":true,"showParticleSystems":true,"showVisualEffectGraphs":true,"m_FxEnabled":true},"in2DMode":false,"pivot":{"x":-0.6224557161331177,"y":2.6499180793762209,"z":-5.196392059326172},"rotation":{"x":-0.21022455394268037,"y":-0.006748482119292021,"z":0.0014511863701045514,"w":-0.9776292443275452},"size":3.0899813175201418,"orthographic":false}